<?xml version="1.0"?>
<!--
/**
 * Magenuts Pvt Ltd.
 *
 * NOTICE OF LICENSE
 *
 * This source file is subject to the EULA
 * that is bundled with this package in the file LICENSE.txt.
 * It is also available through the world-wide-web at this URL:
 * https://magenuts.com/Magenuts-IT-Solutions-License.txt
 *
 * @category   Magenuts
 * @package    Magenuts_CustomOrderNumber
 * @author     Magenuts Ijaz Ali & Magenuts Extension Team
 * @copyright  Copyright (c) 2018-2020 Magenuts IT Solutions Pvt Ltd. ( https://magenuts.com )
 * @license    https://magenuts.com/Magenuts-IT-Solutions-License.txt
 */
 -->
<config xmlns:xsi="http://www.w3.org/2001/XMLSchema-instance" xsi:noNamespaceSchemaLocation="urn:magento:module:Magento_Cron:etc/crontab.xsd">
    <group id="default">
        <job name="cron_sequence_daily" instance="Magenuts\CustomOrderNumber\Cron\Sequence" method="cronDaily">
            <schedule>0 0 * * *</schedule>
        </job>
        <job name="cron_sequence_weekly" instance="Magenuts\CustomOrderNumber\Cron\Sequence" method="cronWeekly">
            <schedule>0 0 * * 1</schedule>
        </job>
        <job name="cron_sequence_monthly" instance="Magenuts\CustomOrderNumber\Cron\Sequence" method="cronMonthly">
            <schedule>0 0 1 * *</schedule>
        </job>
        <job name="cron_sequence_yearly" instance="Magenuts\CustomOrderNumber\Cron\Sequence" method="cronYearly">
            <schedule>0 0 1 1 *</schedule>
        </job>
    </group>
</config>
